-- phpMyAdmin SQL Dump
-- version 5.2.1
-- https://www.phpmyadmin.net/
--
-- Hôte : 127.0.0.1
-- Généré le : dim. 22 mars 2026 à 15:52
-- Version du serveur : 10.4.32-MariaDB
-- Version de PHP : 8.2.12

SET SQL_MODE = "NO_AUTO_VALUE_ON_ZERO";
START TRANSACTION;
SET time_zone = "+00:00";


/*!40101 SET @OLD_CHARACTER_SET_CLIENT=@@CHARACTER_SET_CLIENT */;
/*!40101 SET @OLD_CHARACTER_SET_RESULTS=@@CHARACTER_SET_RESULTS */;
/*!40101 SET @OLD_COLLATION_CONNECTION=@@COLLATION_CONNECTION */;
/*!40101 SET NAMES utf8mb4 */;

--
-- Base de données : `epicier_ecommerce`
--

-- --------------------------------------------------------

--
-- Structure de la table `avis`
--

CREATE TABLE `avis` (
  `id` int(11) NOT NULL,
  `note` tinyint(4) NOT NULL CHECK (`note` between 1 and 5),
  `commentaire` text DEFAULT NULL,
  `client_id` int(11) NOT NULL,
  `epicier_id` int(11) NOT NULL,
  `commande_id` int(11) DEFAULT NULL,
  `date_avis` timestamp NOT NULL DEFAULT current_timestamp()
) ENGINE=InnoDB DEFAULT CHARSET=utf8mb4 COLLATE=utf8mb4_general_ci;

--
-- Déchargement des données de la table `avis`
--

INSERT INTO `avis` (`id`, `note`, `commentaire`, `client_id`, `epicier_id`, `date_avis`) VALUES
(1, 5, 'Très bon accueil et produits frais.', 2, 1, '2026-03-08 17:00:00'),
(2, 4, 'Boutique très propre, je recommande.', 33, 1, '2026-03-10 14:00:00'),
(3, 4, 'Epicerie de confiance.', 43, 1, '2026-03-12 10:00:00');

-- --------------------------------------------------------

--
-- Structure de la table `categories`
--

CREATE TABLE `categories` (
  `id` int(11) NOT NULL,
  `nom` varchar(100) NOT NULL,
  `description` text DEFAULT NULL,
  `image_url` varchar(255) DEFAULT NULL,
  `display_order` int(11) DEFAULT 0,
  `is_active` tinyint(1) DEFAULT 1
) ENGINE=InnoDB DEFAULT CHARSET=utf8mb4 COLLATE=utf8mb4_general_ci;

--
-- Déchargement des données de la table `categories`
--

INSERT INTO `categories` (`id`, `nom`, `description`, `image_url`, `display_order`, `is_active`) VALUES
(1, 'Huiles', NULL, NULL, 0, 1),
(2, 'Confiserie', NULL, NULL, 0, 1),
(3, 'Farines', NULL, NULL, 0, 1),
(4, 'Conserves', NULL, NULL, 0, 1),
(5, 'Laitiers', NULL, NULL, 0, 1),
(6, 'Hygiène', NULL, NULL, 0, 1),
(7, 'Boissons', NULL, NULL, 0, 1),
(8, 'Épices', NULL, NULL, 0, 1),
(9, 'Boulangerie', NULL, NULL, 0, 1),
(11, 'Pâtes et riz', NULL, NULL, 0, 1);

-- --------------------------------------------------------

--
-- Structure de la table `commandes`
--

CREATE TABLE `commandes` (
  `id` int(11) NOT NULL,
  `client_id` int(11) NOT NULL,
  `epicier_id` int(11) NOT NULL,
  `date_commande` datetime NOT NULL DEFAULT current_timestamp(),
  `date_recuperation` datetime DEFAULT NULL,
  `statut` enum('reçue','prête','refusee','livrée') NOT NULL DEFAULT 'reçue',
  `montant_total` decimal(10,2) NOT NULL DEFAULT 0.00,
  `message_refus` text DEFAULT NULL,
  `lu_epicier` tinyint(4) DEFAULT 0,
  `notes` text DEFAULT NULL,
  `client_accepte_modification` tinyint(4) DEFAULT 0
) ENGINE=InnoDB DEFAULT CHARSET=utf8mb4 COLLATE=utf8mb4_general_ci;

--
-- Déchargement des données de la table `commandes`
--

INSERT INTO `commandes` (`id`, `client_id`, `epicier_id`, `date_commande`, `date_recuperation`, `statut`, `montant_total`, `message_refus`, `lu_epicier`, `notes`, `client_accepte_modification`) VALUES
(1, 2, 1, '2026-03-09 10:00:00', NULL, 'reçue', 45.50, NULL, 0, NULL, 0),
(2, 2, 1, '2026-03-08 14:30:00', '2026-03-08 16:00:00', 'livrée', 186.50, NULL, 0, NULL, 0),
(3, 2, 1, '2026-03-07 09:15:00', '2026-03-07 11:00:00', 'livrée', 87.00, NULL, 0, NULL, 0),
(4, 2, 1, '2026-03-06 18:00:00', NULL, 'prête', 98.50, NULL, 0, NULL, 0),
(5, 2, 1, '2026-03-05 12:00:00', '2026-03-05 14:00:00', 'livrée', 32.00, NULL, 0, NULL, 0),
(7, 33, 11, '2026-03-17 17:08:53', '2026-03-17 18:00:00', 'reçue', 120.00, NULL, 0, NULL, 0),
(9, 43, 21, '2026-03-19 14:27:27', '2026-03-19 15:00:00', 'livrée', 159.00, NULL, 1, NULL, 0),
(10, 43, 21, '2026-03-19 15:28:25', '2026-03-19 17:00:00', 'refusee', 85.00, 'Produit indisponible', 1, NULL, 0),
(11, 43, 21, '2026-03-19 16:32:22', '2026-03-20 12:00:00', 'reçue', 240.00, NULL, 0, NULL, 0);

-- --------------------------------------------------------

--
-- Structure de la table `detailscommande`
--

CREATE TABLE `detailscommande` (
  `id` int(11) NOT NULL,
  `commande_id` int(11) NOT NULL,
  `produit_id` int(11) NOT NULL,
  `quantite` int(11) NOT NULL DEFAULT 1,
  `prix_unitaire` decimal(10,2) NOT NULL,
  `total_ligne` decimal(10,2) NOT NULL,
  `rupture` tinyint(4) DEFAULT 0,
  `en_attente_acceptation_client` tinyint(4) DEFAULT 0
) ENGINE=InnoDB DEFAULT CHARSET=utf8mb4 COLLATE=utf8mb4_general_ci;

--
-- Déchargement des données de la table `detailscommande`
--

INSERT INTO `detailscommande` (`id`, `commande_id`, `produit_id`, `quantite`, `prix_unitaire`, `total_ligne`, `rupture`, `en_attente_acceptation_client`) VALUES
(1, 1, 4, 2, 7.00, 14.00, 0, 0),
(2, 1, 5, 3, 2.50, 7.50, 0, 0),
(3, 1, 18, 4, 1.50, 6.00, 0, 0),
(4, 1, 19, 18, 1.00, 18.00, 0, 0),
(5, 2, 1, 1, 19.50, 19.50, 0, 0),
(6, 2, 8, 1, 35.00, 35.00, 0, 0),
(7, 2, 3, 1, 120.00, 120.00, 0, 0),
(8, 2, 14, 2, 6.00, 12.00, 0, 0),
(9, 3, 9, 2, 13.00, 26.00, 0, 0),
(10, 3, 10, 1, 15.00, 15.00, 0, 0),
(11, 3, 12, 2, 11.00, 22.00, 0, 0),
(12, 3, 14, 4, 6.00, 24.00, 0, 0),
(13, 4, 7, 2, 18.00, 36.00, 0, 0),
(14, 4, 6, 4, 2.50, 10.00, 0, 0),
(15, 4, 15, 2, 8.50, 17.00, 0, 0),
(16, 4, 21, 3, 4.50, 13.50, 0, 0),
(17, 4, 22, 1, 22.00, 22.00, 0, 0),
(18, 5, 4, 2, 7.00, 14.00, 0, 0),
(19, 5, 16, 3, 6.00, 18.00, 0, 0),
(21, 7, 3, 1, 120.00, 120.00, 0, 0),
(23, 9, 1, 2, 19.50, 39.00, 0, 0),
(24, 9, 3, 1, 120.00, 120.00, 0, 0),
(25, 10, 2, 1, 85.00, 85.00, 0, 0),
(26, 11, 3, 2, 120.00, 240.00, 0, 0);

-- --------------------------------------------------------

--
-- Structure de la table `disponibilites`
--

CREATE TABLE `disponibilites` (
  `id` int(11) NOT NULL,
  `epicier_id` int(11) NOT NULL,
  `jour` enum('lundi','mardi','mercredi','jeudi','vendredi','samedi','dimanche') NOT NULL,
  `heure_debut` time NOT NULL,
  `heure_fin` time NOT NULL
) ENGINE=InnoDB DEFAULT CHARSET=utf8mb4 COLLATE=utf8mb4_general_ci;

--
-- Déchargement des données de la table `disponibilites`
--

INSERT INTO `disponibilites` (`id`, `epicier_id`, `jour`, `heure_debut`, `heure_fin`) VALUES
(1, 1, 'lundi', '08:00:00', '22:00:00'),
(2, 1, 'mardi', '08:00:00', '22:00:00'),
(3, 1, 'mercredi', '08:00:00', '22:00:00'),
(4, 1, 'jeudi', '08:00:00', '22:00:00'),
(5, 1, 'vendredi', '08:00:00', '22:00:00'),
(6, 1, 'samedi', '08:00:00', '22:00:00'),
(7, 1, 'dimanche', '09:00:00', '14:00:00'),
(8, 2, 'lundi', '08:00:00', '22:00:00'),
(9, 2, 'mardi', '08:00:00', '22:00:00'),
(10, 2, 'mercredi', '08:00:00', '22:00:00'),
(11, 2, 'jeudi', '08:00:00', '22:00:00'),
(12, 2, 'vendredi', '08:00:00', '22:00:00'),
(13, 2, 'samedi', '08:00:00', '22:00:00'),
(14, 2, 'dimanche', '09:00:00', '14:00:00'),
(15, 3, 'lundi', '08:00:00', '22:00:00'),
(16, 3, 'mardi', '08:00:00', '22:00:00'),
(17, 3, 'mercredi', '08:00:00', '22:00:00'),
(18, 3, 'jeudi', '08:00:00', '22:00:00'),
(19, 3, 'vendredi', '08:00:00', '22:00:00'),
(20, 3, 'samedi', '08:00:00', '22:00:00'),
(21, 3, 'dimanche', '09:00:00', '14:00:00'),
(22, 4, 'lundi', '08:00:00', '22:00:00'),
(23, 4, 'mardi', '08:00:00', '22:00:00'),
(24, 4, 'mercredi', '08:00:00', '22:00:00'),
(25, 4, 'jeudi', '08:00:00', '22:00:00'),
(26, 4, 'vendredi', '08:00:00', '22:00:00'),
(27, 4, 'samedi', '08:00:00', '22:00:00'),
(28, 4, 'dimanche', '09:00:00', '14:00:00'),
(29, 5, 'lundi', '08:00:00', '22:00:00'),
(30, 5, 'mardi', '08:00:00', '22:00:00'),
(31, 5, 'mercredi', '08:00:00', '22:00:00'),
(32, 5, 'jeudi', '08:00:00', '22:00:00'),
(33, 5, 'vendredi', '08:00:00', '22:00:00'),
(34, 5, 'samedi', '08:00:00', '22:00:00'),
(35, 5, 'dimanche', '09:00:00', '14:00:00'),
(36, 6, 'lundi', '08:00:00', '22:00:00'),
(37, 6, 'mardi', '08:00:00', '22:00:00'),
(38, 6, 'mercredi', '08:00:00', '22:00:00'),
(39, 6, 'jeudi', '08:00:00', '22:00:00'),
(40, 6, 'vendredi', '08:00:00', '22:00:00'),
(41, 6, 'samedi', '08:00:00', '22:00:00'),
(42, 6, 'dimanche', '09:00:00', '14:00:00'),
(43, 7, 'lundi', '08:00:00', '22:00:00'),
(44, 7, 'mardi', '08:00:00', '22:00:00'),
(45, 7, 'mercredi', '08:00:00', '22:00:00'),
(46, 7, 'jeudi', '08:00:00', '22:00:00'),
(47, 7, 'vendredi', '08:00:00', '22:00:00'),
(48, 7, 'samedi', '08:00:00', '22:00:00'),
(49, 7, 'dimanche', '09:00:00', '14:00:00'),
(50, 8, 'lundi', '08:00:00', '22:00:00'),
(51, 8, 'mardi', '08:00:00', '22:00:00'),
(52, 8, 'mercredi', '08:00:00', '22:00:00'),
(53, 8, 'jeudi', '08:00:00', '22:00:00'),
(54, 8, 'vendredi', '08:00:00', '22:00:00'),
(55, 8, 'samedi', '08:00:00', '22:00:00'),
(56, 8, 'dimanche', '09:00:00', '14:00:00'),
(57, 9, 'lundi', '08:00:00', '22:00:00'),
(58, 9, 'mardi', '08:00:00', '22:00:00'),
(59, 9, 'mercredi', '08:00:00', '22:00:00'),
(60, 9, 'jeudi', '08:00:00', '22:00:00'),
(61, 9, 'vendredi', '08:00:00', '22:00:00'),
(62, 9, 'samedi', '08:00:00', '22:00:00'),
(63, 9, 'dimanche', '09:00:00', '14:00:00'),
(64, 10, 'lundi', '08:00:00', '22:00:00'),
(65, 10, 'mardi', '08:00:00', '22:00:00'),
(66, 10, 'mercredi', '08:00:00', '22:00:00'),
(67, 10, 'jeudi', '08:00:00', '22:00:00'),
(68, 10, 'vendredi', '08:00:00', '22:00:00'),
(69, 10, 'samedi', '08:00:00', '22:00:00'),
(70, 10, 'dimanche', '09:00:00', '14:00:00'),
(71, 11, 'lundi', '08:00:00', '22:00:00'),
(72, 11, 'mardi', '08:00:00', '22:00:00'),
(73, 11, 'mercredi', '08:00:00', '22:00:00'),
(74, 11, 'jeudi', '08:00:00', '22:00:00'),
(75, 11, 'vendredi', '08:00:00', '22:00:00'),
(76, 11, 'samedi', '08:00:00', '22:00:00'),
(77, 11, 'dimanche', '09:00:00', '14:00:00'),
(145, 21, 'lundi', '08:00:00', '22:00:00'),
(146, 21, 'mardi', '08:00:00', '22:00:00'),
(147, 21, 'mercredi', '08:00:00', '22:00:00'),
(148, 21, 'jeudi', '08:00:00', '22:00:00'),
(149, 21, 'vendredi', '08:00:00', '22:00:00'),
(150, 21, 'samedi', '08:00:00', '22:00:00'),
(151, 21, 'dimanche', '09:00:00', '14:00:00');

-- --------------------------------------------------------

--
-- Structure de la table `epiciers`
--

CREATE TABLE `epiciers` (
  `id` int(11) NOT NULL,
  `utilisateur_id` int(11) NOT NULL,
  `nom_boutique` varchar(200) NOT NULL,
  `adresse` varchar(255) NOT NULL,
  `telephone` varchar(20) DEFAULT NULL,
  `description` text DEFAULT NULL,
  `is_active` tinyint(1) DEFAULT 1,
  `date_creation` datetime NOT NULL,
  `image_url` varchar(500) DEFAULT NULL,
  `rating` decimal(2,1) DEFAULT 0.0,
  `statut_inscription` enum('EN_ATTENTE','ACCEPTE','REFUSE','COMPLETE') NOT NULL DEFAULT 'EN_ATTENTE',
  `latitude` decimal(10,7) DEFAULT NULL,
  `longitude` decimal(10,7) DEFAULT NULL
) ENGINE=InnoDB DEFAULT CHARSET=utf8mb4 COLLATE=utf8mb4_general_ci;

--
-- Déchargement des données de la table `epiciers`
--

INSERT INTO `epiciers` (`id`, `utilisateur_id`, `nom_boutique`, `adresse`, `telephone`, `description`, `is_active`, `date_creation`, `image_url`, `rating`, `statut_inscription`, `latitude`, `longitude`) VALUES
(1, 3, 'Epicerie de sara', 'Adresse à configurer', '677777777', 'Votre Hanut de confiance : lait frais, pain chaud, sucre et produits de base.', 1, '2026-03-08 23:51:27', 'uploads/epiciers/hanut3.jpg', 4.0, 'COMPLETE', 35.5802000, -5.3687000),
(2, 5, 'Epicerie de ali', 'Adresse à configurer', '0655555555', NULL, 1, '2026-03-09 09:55:52', 'uploads/epiciers/hanut1.jpg', 5.0, 'COMPLETE', 35.5755000, -5.3601000),
(3, 6, 'Épicerie Fleurie', '12 Rue de la Liberté, Casablanca', '0522345678', 'Produits frais et locaux, arrivages quotidiens.', 1, '2026-03-09 14:23:43', 'uploads/epiciers/hanut4.jpg', 4.5, 'COMPLETE', 35.5710000, -5.3725000),
(4, 7, 'Le Petit Marché', '45 Avenue FAR, Rabat', '0537112233', 'Spécialités régionales et épices fines.', 1, '2026-03-09 14:23:43', 'uploads/epiciers/hanut5.jpg', 3.0, 'COMPLETE', 35.5688000, -5.3550000),
(5, 8, 'Hanut Marrakech', '7 bis Rue Ibn Batouta, Marrakech', '0524112233', 'Tout pour la maison, livraison rapide dans le quartier.', 1, '2026-03-09 14:23:43', 'uploads/epiciers/hanut6.jpg', 5.0, 'COMPLETE', 35.5768000, -5.3699000),
(6, 9, 'Épicerie Ahmed', 'Rue de la Liberté, Tunis', '0555112233', 'Produits frais du terroir et épices fines.', 1, '2026-03-09 14:34:37', 'uploads/epiciers/Moul-hanoute-epiciers.jpg', 2.0, 'COMPLETE', 35.5822000, -5.3501000),
(7, 10, 'Hanut Sami', 'Avenue Habib Bourguiba, Sfax', '0555445566', 'Votre Hanut de quartier ouvert tard le soir.', 1, '2026-03-09 14:34:38', 'uploads/epiciers/hanut2.jpg', 1.0, 'COMPLETE', 35.5601000, -5.3622000),
(8, 11, 'Chez Leila', 'Route de la Plage, Hammamet', '0555778899', 'Fruits de mer et alimentation générale.', 1, '2026-03-09 14:34:38', 'uploads/epiciers/hanut7.jpg', 4.0, 'COMPLETE', 35.5655000, -5.3788000),
(9, 12, 'Karim Market', 'Boulevard de l\'Environnement, Sousse', '0555001122', 'Le meilleur couscous et produits locaux.', 1, '2026-03-09 14:34:38', 'uploads/epiciers/Moul-hanoute-epiciers.jpg', 3.0, 'COMPLETE', 35.5788000, -5.3522000),
(10, 13, 'Mondher Express', 'Cité des Jeunes, Bizerte', '0555334455', 'Rapide, efficace et toujours avec le sourire.', 1, '2026-03-09 14:34:38', 'uploads/epiciers/Moul-hanoute-epiciers.jpg', 4.5, 'COMPLETE', 35.5844000, -5.3755000),
(11, 14, 'Epicerie de mohamed', 'Adresse à configurer', '0655555555', NULL, 1, '2026-03-09 19:54:35', 'uploads/epiciers/hanut1.jpg', 2.5, 'COMPLETE', 35.5611000, -5.3455000),
(21, 42, 'Epicerie de Ferdaouss', 'Tétouan', '0612345678', NULL, 1, '2026-03-19 13:47:08', 'uploads/stores/store_21_1773928127462.webp', 0.0, 'COMPLETE', 35.5646704, -5.3632953);

-- --------------------------------------------------------

--
-- Structure de la table `epicier_produits`
--

CREATE TABLE `epicier_produits` (
  `epicier_id` int(11) NOT NULL,
  `produit_id` int(11) NOT NULL,
  `prix` decimal(10,2) NOT NULL,
  `rupture_stock` tinyint(1) NOT NULL DEFAULT 0,
  `is_active` tinyint(1) NOT NULL DEFAULT 1,
  `date_ajout` timestamp NOT NULL DEFAULT current_timestamp(),
  `date_modif` timestamp NOT NULL DEFAULT current_timestamp() ON UPDATE current_timestamp()
) ENGINE=InnoDB DEFAULT CHARSET=utf8mb4 COLLATE=utf8mb4_general_ci;

--
-- Déchargement des données de la table `epicier_produits`
--

INSERT INTO `epicier_produits` (`epicier_id`, `produit_id`, `prix`, `rupture_stock`, `is_active`, `date_ajout`, `date_modif`) VALUES
(1, 1, 19.50, 0, 1, '2026-03-12 19:17:37', '2026-03-12 19:17:37'),
(1, 2, 85.00, 0, 1, '2026-03-12 19:17:37', '2026-03-12 19:17:37'),
(1, 3, 120.00, 1, 1, '2026-03-12 19:17:37', '2026-03-13 10:01:48'),
(1, 4, 7.00, 0, 1, '2026-03-12 19:17:37', '2026-03-12 19:17:37'),
(1, 5, 2.50, 0, 1, '2026-03-12 19:17:37', '2026-03-12 19:17:37'),
(1, 6, 2.50, 0, 1, '2026-03-12 19:17:37', '2026-03-12 19:17:37'),
(1, 7, 18.00, 0, 1, '2026-03-12 19:17:37', '2026-03-12 19:17:37'),
(1, 8, 35.00, 0, 1, '2026-03-12 19:17:37', '2026-03-12 19:17:37'),
(1, 9, 13.00, 0, 1, '2026-03-12 19:17:37', '2026-03-12 19:17:37'),
(1, 10, 15.00, 0, 1, '2026-03-12 19:17:37', '2026-03-12 19:17:37'),
(1, 11, 15.00, 0, 1, '2026-03-12 19:17:37', '2026-03-12 19:17:37'),
(1, 12, 11.00, 0, 1, '2026-03-12 19:17:37', '2026-03-12 19:17:37'),
(1, 13, 16.00, 0, 1, '2026-03-12 19:17:37', '2026-03-12 19:17:37'),
(1, 14, 6.00, 0, 1, '2026-03-12 19:17:37', '2026-03-12 19:17:37'),
(1, 15, 8.50, 0, 1, '2026-03-12 19:17:37', '2026-03-12 19:17:37'),
(1, 16, 6.00, 0, 1, '2026-03-12 19:17:37', '2026-03-12 19:17:37'),
(1, 17, 14.00, 0, 1, '2026-03-12 19:17:37', '2026-03-12 19:17:37'),
(1, 18, 1.50, 0, 1, '2026-03-12 19:17:37', '2026-03-12 19:17:37'),
(1, 19, 1.00, 0, 1, '2026-03-12 19:17:37', '2026-03-12 19:17:37'),
(1, 20, 2.00, 0, 1, '2026-03-12 19:17:37', '2026-03-12 19:17:37'),
(1, 21, 4.50, 0, 0, '2026-03-12 19:17:37', '2026-03-12 19:17:37'),
(1, 22, 22.00, 0, 1, '2026-03-12 19:17:37', '2026-03-12 19:17:37'),
(1, 23, 15.00, 0, 0, '2026-03-12 19:17:37', '2026-03-12 19:17:37'),
(1, 24, 10.00, 0, 1, '2026-03-12 19:17:37', '2026-03-12 19:17:37'),
(1, 27, 12.00, 0, 1, '2026-03-12 19:17:37', '2026-03-12 19:17:37'),
(1, 28, 15.00, 0, 1, '2026-03-12 19:17:37', '2026-03-12 19:17:37'),
(1, 29, 22.00, 0, 1, '2026-03-12 19:17:37', '2026-03-12 19:17:37'),
(1, 30, 8.00, 0, 1, '2026-03-12 19:17:37', '2026-03-12 19:17:37'),
(1, 31, 9.00, 0, 1, '2026-03-12 19:17:37', '2026-03-12 19:17:37'),
(1, 32, 14.00, 0, 1, '2026-03-12 19:17:37', '2026-03-12 19:17:37'),
(2, 1, 19.50, 0, 1, '2026-03-12 19:17:37', '2026-03-12 19:17:37'),
(2, 2, 85.00, 0, 1, '2026-03-12 19:17:37', '2026-03-12 19:17:37'),
(2, 3, 120.00, 0, 1, '2026-03-12 19:17:37', '2026-03-12 19:17:37'),
(2, 4, 7.00, 0, 1, '2026-03-12 19:17:37', '2026-03-12 19:17:37'),
(2, 5, 2.50, 0, 1, '2026-03-12 19:17:37', '2026-03-12 19:17:37'),
(2, 6, 2.50, 0, 1, '2026-03-12 19:17:37', '2026-03-12 19:17:37'),
(2, 7, 18.00, 0, 1, '2026-03-12 19:17:37', '2026-03-12 19:17:37'),
(2, 8, 35.00, 0, 1, '2026-03-12 19:17:37', '2026-03-12 19:17:37'),
(2, 9, 13.00, 0, 1, '2026-03-12 19:17:37', '2026-03-12 19:17:37'),
(2, 10, 15.00, 0, 1, '2026-03-12 19:17:37', '2026-03-12 19:17:37'),
(2, 11, 15.00, 0, 1, '2026-03-12 19:17:37', '2026-03-12 19:17:37'),
(2, 12, 11.00, 0, 1, '2026-03-12 19:17:37', '2026-03-12 19:17:37'),
(2, 13, 16.00, 0, 1, '2026-03-12 19:17:37', '2026-03-12 19:17:37'),
(2, 14, 6.00, 0, 1, '2026-03-12 19:17:37', '2026-03-12 19:17:37'),
(2, 15, 8.50, 0, 1, '2026-03-12 19:17:37', '2026-03-12 19:17:37'),
(2, 16, 6.00, 0, 1, '2026-03-12 19:17:37', '2026-03-12 19:17:37'),
(2, 17, 14.00, 0, 1, '2026-03-12 19:17:37', '2026-03-12 19:17:37'),
(2, 18, 1.50, 0, 1, '2026-03-12 19:17:37', '2026-03-12 19:17:37'),
(2, 19, 1.00, 0, 1, '2026-03-12 19:17:37', '2026-03-12 19:17:37'),
(2, 20, 2.00, 0, 1, '2026-03-12 19:17:37', '2026-03-12 19:17:37'),
(2, 21, 4.50, 0, 1, '2026-03-12 19:17:37', '2026-03-12 19:17:37'),
(2, 22, 22.00, 0, 1, '2026-03-12 19:17:37', '2026-03-12 19:17:37'),
(2, 23, 15.00, 0, 1, '2026-03-12 19:17:37', '2026-03-12 19:17:37'),
(2, 24, 10.00, 0, 1, '2026-03-12 19:17:37', '2026-03-12 19:17:37'),
(3, 1, 19.50, 0, 1, '2026-03-12 19:17:37', '2026-03-12 19:17:37'),
(3, 2, 85.00, 0, 1, '2026-03-12 19:17:37', '2026-03-12 19:17:37'),
(3, 3, 120.00, 0, 1, '2026-03-12 19:17:37', '2026-03-12 19:17:37'),
(3, 4, 7.00, 0, 1, '2026-03-12 19:17:37', '2026-03-12 19:17:37'),
(3, 5, 2.50, 0, 1, '2026-03-12 19:17:37', '2026-03-12 19:17:37'),
(3, 6, 2.50, 0, 1, '2026-03-12 19:17:37', '2026-03-12 19:17:37'),
(3, 7, 18.00, 0, 1, '2026-03-12 19:17:37', '2026-03-12 19:17:37'),
(3, 8, 35.00, 0, 1, '2026-03-12 19:17:37', '2026-03-12 19:17:37'),
(3, 9, 13.00, 0, 1, '2026-03-12 19:17:37', '2026-03-12 19:17:37'),
(3, 10, 15.00, 0, 1, '2026-03-12 19:17:37', '2026-03-12 19:17:37'),
(3, 11, 15.00, 0, 1, '2026-03-12 19:17:37', '2026-03-12 19:17:37'),
(3, 12, 11.00, 0, 1, '2026-03-12 19:17:37', '2026-03-12 19:17:37'),
(3, 13, 16.00, 0, 1, '2026-03-12 19:17:37', '2026-03-12 19:17:37'),
(3, 14, 6.00, 0, 1, '2026-03-12 19:17:37', '2026-03-12 19:17:37'),
(3, 15, 8.50, 0, 1, '2026-03-12 19:17:37', '2026-03-12 19:17:37'),
(3, 16, 6.00, 0, 1, '2026-03-12 19:17:37', '2026-03-12 19:17:37'),
(3, 17, 14.00, 0, 1, '2026-03-12 19:17:37', '2026-03-12 19:17:37'),
(3, 18, 1.50, 0, 1, '2026-03-12 19:17:37', '2026-03-12 19:17:37'),
(3, 19, 1.00, 0, 1, '2026-03-12 19:17:37', '2026-03-12 19:17:37'),
(3, 20, 2.00, 0, 1, '2026-03-12 19:17:37', '2026-03-12 19:17:37'),
(3, 21, 4.50, 0, 1, '2026-03-12 19:17:37', '2026-03-12 19:17:37'),
(3, 22, 22.00, 0, 1, '2026-03-12 19:17:37', '2026-03-12 19:17:37'),
(3, 23, 15.00, 0, 1, '2026-03-12 19:17:37', '2026-03-12 19:17:37'),
(3, 24, 10.00, 0, 1, '2026-03-12 19:17:37', '2026-03-12 19:17:37'),
(4, 1, 19.50, 0, 1, '2026-03-12 19:17:37', '2026-03-12 19:17:37'),
(4, 2, 85.00, 0, 1, '2026-03-12 19:17:37', '2026-03-12 19:17:37'),
(4, 3, 120.00, 0, 1, '2026-03-12 19:17:37', '2026-03-12 19:17:37'),
(4, 4, 7.00, 0, 1, '2026-03-12 19:17:37', '2026-03-12 19:17:37'),
(4, 5, 2.50, 0, 1, '2026-03-12 19:17:37', '2026-03-12 19:17:37'),
(4, 6, 2.50, 0, 1, '2026-03-12 19:17:37', '2026-03-12 19:17:37'),
(4, 7, 18.00, 0, 1, '2026-03-12 19:17:37', '2026-03-12 19:17:37'),
(4, 8, 35.00, 0, 1, '2026-03-12 19:17:37', '2026-03-12 19:17:37'),
(4, 9, 13.00, 0, 1, '2026-03-12 19:17:37', '2026-03-12 19:17:37'),
(4, 10, 15.00, 0, 1, '2026-03-12 19:17:37', '2026-03-12 19:17:37'),
(4, 11, 15.00, 0, 1, '2026-03-12 19:17:37', '2026-03-12 19:17:37'),
(4, 12, 11.00, 0, 1, '2026-03-12 19:17:37', '2026-03-12 19:17:37'),
(4, 13, 16.00, 0, 1, '2026-03-12 19:17:37', '2026-03-12 19:17:37'),
(4, 14, 6.00, 0, 1, '2026-03-12 19:17:37', '2026-03-12 19:17:37'),
(4, 15, 8.50, 0, 1, '2026-03-12 19:17:37', '2026-03-12 19:17:37'),
(4, 16, 6.00, 0, 1, '2026-03-12 19:17:37', '2026-03-12 19:17:37'),
(4, 17, 14.00, 0, 1, '2026-03-12 19:17:37', '2026-03-12 19:17:37'),
(4, 18, 1.50, 0, 1, '2026-03-12 19:17:37', '2026-03-12 19:17:37'),
(4, 19, 1.00, 0, 1, '2026-03-12 19:17:37', '2026-03-12 19:17:37'),
(4, 20, 2.00, 0, 1, '2026-03-12 19:17:37', '2026-03-12 19:17:37'),
(4, 21, 4.50, 0, 1, '2026-03-12 19:17:37', '2026-03-12 19:17:37'),
(4, 22, 22.00, 0, 1, '2026-03-12 19:17:37', '2026-03-12 19:17:37'),
(4, 23, 15.00, 0, 1, '2026-03-12 19:17:37', '2026-03-12 19:17:37'),
(4, 24, 10.00, 0, 1, '2026-03-12 19:17:37', '2026-03-12 19:17:37'),
(5, 1, 19.50, 0, 1, '2026-03-12 19:17:37', '2026-03-12 19:17:37'),
(5, 2, 85.00, 0, 1, '2026-03-12 19:17:37', '2026-03-12 19:17:37'),
(5, 3, 120.00, 0, 1, '2026-03-12 19:17:37', '2026-03-12 19:17:37'),
(5, 4, 7.00, 0, 1, '2026-03-12 19:17:37', '2026-03-12 19:17:37'),
(5, 5, 2.50, 0, 1, '2026-03-12 19:17:37', '2026-03-12 19:17:37'),
(5, 6, 2.50, 0, 1, '2026-03-12 19:17:37', '2026-03-12 19:17:37'),
(5, 7, 18.00, 0, 1, '2026-03-12 19:17:37', '2026-03-12 19:17:37'),
(5, 8, 35.00, 0, 1, '2026-03-12 19:17:37', '2026-03-12 19:17:37'),
(5, 9, 13.00, 0, 1, '2026-03-12 19:17:37', '2026-03-12 19:17:37'),
(5, 10, 15.00, 0, 1, '2026-03-12 19:17:37', '2026-03-12 19:17:37'),
(5, 11, 15.00, 0, 1, '2026-03-12 19:17:37', '2026-03-12 19:17:37'),
(5, 12, 11.00, 0, 1, '2026-03-12 19:17:37', '2026-03-12 19:17:37'),
(5, 13, 16.00, 0, 1, '2026-03-12 19:17:37', '2026-03-12 19:17:37'),
(5, 14, 6.00, 0, 1, '2026-03-12 19:17:37', '2026-03-12 19:17:37'),
(5, 15, 8.50, 0, 1, '2026-03-12 19:17:37', '2026-03-12 19:17:37'),
(5, 16, 6.00, 0, 1, '2026-03-12 19:17:37', '2026-03-12 19:17:37'),
(5, 17, 14.00, 0, 1, '2026-03-12 19:17:37', '2026-03-12 19:17:37'),
(5, 18, 1.50, 0, 1, '2026-03-12 19:17:37', '2026-03-12 19:17:37'),
(5, 19, 1.00, 0, 1, '2026-03-12 19:17:37', '2026-03-12 19:17:37'),
(5, 20, 2.00, 0, 1, '2026-03-12 19:17:37', '2026-03-12 19:17:37'),
(5, 21, 4.50, 0, 1, '2026-03-12 19:17:37', '2026-03-12 19:17:37'),
(5, 22, 22.00, 0, 1, '2026-03-12 19:17:37', '2026-03-12 19:17:37'),
(5, 23, 15.00, 0, 1, '2026-03-12 19:17:37', '2026-03-12 19:17:37'),
(5, 24, 10.00, 0, 1, '2026-03-12 19:17:37', '2026-03-12 19:17:37'),
(6, 1, 19.50, 0, 1, '2026-03-12 19:17:37', '2026-03-12 19:17:37'),
(6, 2, 85.00, 0, 1, '2026-03-12 19:17:37', '2026-03-12 19:17:37'),
(6, 3, 120.00, 0, 1, '2026-03-12 19:17:37', '2026-03-12 19:17:37'),
(6, 4, 7.00, 0, 1, '2026-03-12 19:17:37', '2026-03-12 19:17:37'),
(6, 5, 2.50, 0, 1, '2026-03-12 19:17:37', '2026-03-12 19:17:37'),
(6, 6, 2.50, 0, 1, '2026-03-12 19:17:37', '2026-03-12 19:17:37'),
(6, 7, 18.00, 0, 1, '2026-03-12 19:17:37', '2026-03-12 19:17:37'),
(6, 8, 35.00, 0, 1, '2026-03-12 19:17:37', '2026-03-12 19:17:37'),
(6, 9, 13.00, 0, 1, '2026-03-12 19:17:37', '2026-03-12 19:17:37'),
(6, 10, 15.00, 0, 1, '2026-03-12 19:17:37', '2026-03-12 19:17:37'),
(6, 11, 15.00, 0, 1, '2026-03-12 19:17:37', '2026-03-12 19:17:37'),
(6, 12, 11.00, 0, 1, '2026-03-12 19:17:37', '2026-03-12 19:17:37'),
(6, 13, 16.00, 0, 1, '2026-03-12 19:17:37', '2026-03-12 19:17:37'),
(6, 14, 6.00, 0, 1, '2026-03-12 19:17:37', '2026-03-12 19:17:37'),
(6, 15, 8.50, 0, 0, '2026-03-12 19:17:37', '2026-03-12 19:17:37'),
(6, 16, 6.00, 0, 1, '2026-03-12 19:17:37', '2026-03-12 19:17:37'),
(6, 17, 14.00, 0, 1, '2026-03-12 19:17:37', '2026-03-12 19:17:37'),
(6, 18, 1.50, 0, 1, '2026-03-12 19:17:37', '2026-03-12 19:17:37'),
(6, 19, 1.00, 0, 1, '2026-03-12 19:17:37', '2026-03-12 19:17:37'),
(6, 20, 2.00, 0, 1, '2026-03-12 19:17:37', '2026-03-12 19:17:37'),
(6, 21, 4.50, 0, 1, '2026-03-12 19:17:37', '2026-03-12 19:17:37'),
(6, 22, 22.00, 0, 1, '2026-03-12 19:17:37', '2026-03-12 19:17:37'),
(6, 23, 15.00, 0, 1, '2026-03-12 19:17:37', '2026-03-12 19:17:37'),
(6, 24, 10.00, 0, 1, '2026-03-12 19:17:37', '2026-03-12 19:17:37'),
(7, 1, 19.50, 0, 1, '2026-03-12 19:17:37', '2026-03-12 19:17:37'),
(7, 2, 85.00, 0, 1, '2026-03-12 19:17:37', '2026-03-12 19:17:37'),
(7, 3, 120.00, 0, 1, '2026-03-12 19:17:37', '2026-03-12 19:17:37'),
(7, 4, 7.00, 0, 1, '2026-03-12 19:17:37', '2026-03-12 19:17:37'),
(7, 5, 2.50, 0, 1, '2026-03-12 19:17:37', '2026-03-12 19:17:37'),
(7, 6, 2.50, 0, 1, '2026-03-12 19:17:37', '2026-03-12 19:17:37'),
(7, 7, 18.00, 0, 1, '2026-03-12 19:17:37', '2026-03-12 19:17:37'),
(7, 8, 35.00, 0, 1, '2026-03-12 19:17:37', '2026-03-12 19:17:37'),
(7, 9, 13.00, 0, 1, '2026-03-12 19:17:37', '2026-03-12 19:17:37'),
(7, 10, 15.00, 0, 1, '2026-03-12 19:17:37', '2026-03-12 19:17:37'),
(7, 11, 15.00, 0, 1, '2026-03-12 19:17:37', '2026-03-12 19:17:37'),
(7, 12, 11.00, 0, 1, '2026-03-12 19:17:37', '2026-03-12 19:17:37'),
(7, 13, 16.00, 0, 1, '2026-03-12 19:17:37', '2026-03-12 19:17:37'),
(7, 14, 6.00, 0, 1, '2026-03-12 19:17:37', '2026-03-12 19:17:37'),
(7, 15, 8.50, 0, 0, '2026-03-12 19:17:37', '2026-03-12 19:17:37'),
(7, 16, 6.00, 0, 0, '2026-03-12 19:17:37', '2026-03-12 19:17:37'),
(7, 17, 14.00, 0, 1, '2026-03-12 19:17:37', '2026-03-12 19:17:37'),
(7, 18, 1.50, 0, 1, '2026-03-12 19:17:37', '2026-03-12 19:17:37'),
(7, 19, 1.00, 0, 1, '2026-03-12 19:17:37', '2026-03-12 19:17:37'),
(7, 20, 2.00, 0, 1, '2026-03-12 19:17:37', '2026-03-12 19:17:37'),
(7, 21, 4.50, 0, 1, '2026-03-12 19:17:37', '2026-03-12 19:17:37'),
(7, 22, 22.00, 0, 1, '2026-03-12 19:17:37', '2026-03-12 19:17:37'),
(7, 23, 15.00, 0, 1, '2026-03-12 19:17:37', '2026-03-12 19:17:37'),
(7, 24, 10.00, 0, 1, '2026-03-12 19:17:37', '2026-03-12 19:17:37'),
(8, 1, 19.50, 0, 1, '2026-03-12 19:17:37', '2026-03-12 19:17:37'),
(8, 2, 85.00, 0, 1, '2026-03-12 19:17:37', '2026-03-12 19:17:37'),
(8, 3, 120.00, 0, 1, '2026-03-12 19:17:37', '2026-03-12 19:17:37'),
(8, 4, 7.00, 0, 1, '2026-03-12 19:17:37', '2026-03-12 19:17:37'),
(8, 5, 2.50, 0, 1, '2026-03-12 19:17:37', '2026-03-12 19:17:37'),
(8, 6, 2.50, 0, 1, '2026-03-12 19:17:37', '2026-03-12 19:17:37'),
(8, 7, 18.00, 0, 1, '2026-03-12 19:17:37', '2026-03-12 19:17:37'),
(8, 8, 35.00, 0, 1, '2026-03-12 19:17:37', '2026-03-12 19:17:37'),
(8, 9, 13.00, 0, 1, '2026-03-12 19:17:37', '2026-03-12 19:17:37'),
(8, 10, 15.00, 0, 1, '2026-03-12 19:17:37', '2026-03-12 19:17:37'),
(8, 11, 15.00, 0, 1, '2026-03-12 19:17:37', '2026-03-12 19:17:37'),
(8, 12, 11.00, 0, 1, '2026-03-12 19:17:37', '2026-03-12 19:17:37'),
(8, 13, 16.00, 0, 1, '2026-03-12 19:17:37', '2026-03-12 19:17:37'),
(8, 14, 6.00, 0, 1, '2026-03-12 19:17:37', '2026-03-12 19:17:37'),
(8, 15, 8.50, 0, 1, '2026-03-12 19:17:37', '2026-03-12 19:17:37'),
(8, 16, 6.00, 0, 1, '2026-03-12 19:17:37', '2026-03-12 19:17:37'),
(8, 17, 14.00, 0, 1, '2026-03-12 19:17:37', '2026-03-12 19:17:37'),
(8, 18, 1.50, 0, 1, '2026-03-12 19:17:37', '2026-03-12 19:17:37'),
(8, 19, 1.00, 0, 1, '2026-03-12 19:17:37', '2026-03-12 19:17:37'),
(8, 20, 2.00, 0, 1, '2026-03-12 19:17:37', '2026-03-12 19:17:37'),
(8, 21, 4.50, 0, 1, '2026-03-12 19:17:37', '2026-03-12 19:17:37'),
(8, 22, 22.00, 0, 1, '2026-03-12 19:17:37', '2026-03-12 19:17:37'),
(8, 23, 15.00, 0, 1, '2026-03-12 19:17:37', '2026-03-12 19:17:37'),
(8, 24, 10.00, 0, 1, '2026-03-12 19:17:37', '2026-03-12 19:17:37'),
(9, 1, 19.50, 0, 1, '2026-03-12 19:17:37', '2026-03-12 19:17:37'),
(9, 2, 85.00, 0, 1, '2026-03-12 19:17:37', '2026-03-12 19:17:37'),
(9, 3, 120.00, 0, 1, '2026-03-12 19:17:37', '2026-03-12 19:17:37'),
(9, 4, 7.00, 0, 1, '2026-03-12 19:17:37', '2026-03-12 19:17:37'),
(9, 5, 2.50, 0, 1, '2026-03-12 19:17:37', '2026-03-12 19:17:37'),
(9, 6, 2.50, 0, 1, '2026-03-12 19:17:37', '2026-03-12 19:17:37'),
(9, 7, 18.00, 0, 1, '2026-03-12 19:17:37', '2026-03-12 19:17:37'),
(9, 8, 35.00, 0, 1, '2026-03-12 19:17:37', '2026-03-12 19:17:37'),
(9, 9, 13.00, 0, 1, '2026-03-12 19:17:37', '2026-03-12 19:17:37'),
(9, 10, 15.00, 0, 1, '2026-03-12 19:17:37', '2026-03-12 19:17:37'),
(9, 11, 15.00, 0, 1, '2026-03-12 19:17:37', '2026-03-12 19:17:37'),
(9, 12, 11.00, 0, 1, '2026-03-12 19:17:37', '2026-03-12 19:17:37'),
(9, 13, 16.00, 0, 1, '2026-03-12 19:17:37', '2026-03-12 19:17:37'),
(9, 14, 6.00, 0, 1, '2026-03-12 19:17:37', '2026-03-12 19:17:37'),
(9, 15, 8.50, 0, 1, '2026-03-12 19:17:37', '2026-03-12 19:17:37'),
(9, 16, 6.00, 0, 1, '2026-03-12 19:17:37', '2026-03-12 19:17:37'),
(9, 17, 14.00, 0, 1, '2026-03-12 19:17:37', '2026-03-12 19:17:37'),
(9, 18, 1.50, 0, 1, '2026-03-12 19:17:37', '2026-03-12 19:17:37'),
(9, 19, 1.00, 0, 1, '2026-03-12 19:17:37', '2026-03-12 19:17:37'),
(9, 20, 2.00, 0, 1, '2026-03-12 19:17:37', '2026-03-12 19:17:37'),
(9, 21, 4.50, 0, 1, '2026-03-12 19:17:37', '2026-03-12 19:17:37'),
(9, 22, 22.00, 0, 1, '2026-03-12 19:17:37', '2026-03-12 19:17:37'),
(9, 23, 15.00, 0, 1, '2026-03-12 19:17:37', '2026-03-12 19:17:37'),
(9, 24, 10.00, 0, 1, '2026-03-12 19:17:37', '2026-03-12 19:17:37'),
(10, 1, 19.50, 0, 1, '2026-03-12 19:17:37', '2026-03-12 19:17:37'),
(10, 2, 85.00, 0, 1, '2026-03-12 19:17:37', '2026-03-12 19:17:37'),
(10, 3, 120.00, 0, 1, '2026-03-12 19:17:37', '2026-03-12 19:17:37'),
(10, 4, 7.00, 0, 1, '2026-03-12 19:17:37', '2026-03-12 19:17:37'),
(10, 5, 2.50, 0, 1, '2026-03-12 19:17:37', '2026-03-12 19:17:37'),
(10, 6, 2.50, 0, 1, '2026-03-12 19:17:37', '2026-03-12 19:17:37'),
(10, 7, 18.00, 0, 1, '2026-03-12 19:17:37', '2026-03-12 19:17:37'),
(10, 8, 35.00, 0, 1, '2026-03-12 19:17:37', '2026-03-12 19:17:37'),
(10, 9, 13.00, 0, 1, '2026-03-12 19:17:37', '2026-03-12 19:17:37'),
(10, 10, 15.00, 0, 1, '2026-03-12 19:17:37', '2026-03-12 19:17:37'),
(10, 11, 15.00, 0, 1, '2026-03-12 19:17:37', '2026-03-12 19:17:37'),
(10, 12, 11.00, 0, 1, '2026-03-12 19:17:37', '2026-03-12 19:17:37'),
(10, 13, 16.00, 0, 1, '2026-03-12 19:17:37', '2026-03-12 19:17:37'),
(10, 14, 6.00, 0, 1, '2026-03-12 19:17:37', '2026-03-12 19:17:37'),
(10, 15, 8.50, 0, 1, '2026-03-12 19:17:37', '2026-03-12 19:17:37'),
(10, 16, 6.00, 0, 1, '2026-03-12 19:17:37', '2026-03-12 19:17:37'),
(10, 17, 14.00, 0, 1, '2026-03-12 19:17:37', '2026-03-12 19:17:37'),
(10, 18, 1.50, 0, 1, '2026-03-12 19:17:37', '2026-03-12 19:17:37'),
(10, 19, 1.00, 0, 1, '2026-03-12 19:17:37', '2026-03-12 19:17:37'),
(10, 20, 2.00, 0, 1, '2026-03-12 19:17:37', '2026-03-12 19:17:37'),
(10, 21, 4.50, 0, 1, '2026-03-12 19:17:37', '2026-03-12 19:17:37'),
(10, 22, 22.00, 0, 1, '2026-03-12 19:17:37', '2026-03-12 19:17:37'),
(10, 23, 15.00, 0, 1, '2026-03-12 19:17:37', '2026-03-12 19:17:37'),
(10, 24, 10.00, 0, 1, '2026-03-12 19:17:37', '2026-03-12 19:17:37'),
(11, 1, 19.50, 0, 1, '2026-03-12 19:17:37', '2026-03-12 19:17:37'),
(11, 2, 85.00, 0, 1, '2026-03-12 19:17:37', '2026-03-12 19:17:37'),
(11, 3, 120.00, 0, 1, '2026-03-12 19:17:37', '2026-03-12 19:17:37'),
(11, 4, 7.00, 0, 1, '2026-03-12 19:17:37', '2026-03-12 19:17:37'),
(11, 5, 2.50, 0, 1, '2026-03-12 19:17:37', '2026-03-12 19:17:37'),
(11, 6, 2.50, 0, 1, '2026-03-12 19:17:37', '2026-03-12 19:17:37'),
(11, 7, 18.00, 0, 1, '2026-03-12 19:17:37', '2026-03-12 19:17:37'),
(11, 8, 35.00, 0, 1, '2026-03-12 19:17:37', '2026-03-12 19:17:37'),
(11, 9, 13.00, 0, 1, '2026-03-12 19:17:37', '2026-03-12 19:17:37'),
(11, 10, 15.00, 0, 1, '2026-03-12 19:17:37', '2026-03-12 19:17:37'),
(11, 11, 15.00, 0, 1, '2026-03-12 19:17:37', '2026-03-12 19:17:37'),
(11, 12, 11.00, 0, 1, '2026-03-12 19:17:37', '2026-03-12 19:17:37'),
(11, 13, 16.00, 0, 1, '2026-03-12 19:17:37', '2026-03-12 19:17:37'),
(11, 14, 6.00, 0, 1, '2026-03-12 19:17:37', '2026-03-12 19:17:37'),
(11, 15, 8.50, 0, 1, '2026-03-12 19:17:37', '2026-03-12 19:17:37'),
(11, 16, 6.00, 0, 1, '2026-03-12 19:17:37', '2026-03-12 19:17:37'),
(11, 17, 14.00, 0, 1, '2026-03-12 19:17:37', '2026-03-12 19:17:37'),
(11, 18, 1.50, 0, 1, '2026-03-12 19:17:37', '2026-03-12 19:17:37'),
(11, 19, 1.00, 0, 1, '2026-03-12 19:17:37', '2026-03-12 19:17:37'),
(11, 20, 2.00, 0, 1, '2026-03-12 19:17:37', '2026-03-12 19:17:37'),
(11, 21, 4.50, 0, 1, '2026-03-12 19:17:37', '2026-03-12 19:17:37'),
(11, 22, 22.00, 0, 1, '2026-03-12 19:17:37', '2026-03-12 19:17:37'),
(11, 23, 15.00, 0, 1, '2026-03-12 19:17:37', '2026-03-12 19:17:37'),
(11, 24, 10.00, 0, 1, '2026-03-12 19:17:37', '2026-03-12 19:17:37'),
(21, 1, 19.50, 0, 1, '2026-03-19 13:49:13', '2026-03-19 13:49:13'),
(21, 2, 85.00, 0, 1, '2026-03-19 13:49:13', '2026-03-19 13:49:13'),
(21, 3, 120.00, 0, 1, '2026-03-19 13:49:13', '2026-03-19 14:28:55');

-- --------------------------------------------------------

--
-- Structure de la table `paniers`
--

CREATE TABLE `paniers` (
  `id` int(11) NOT NULL,
  `client_id` int(11) NOT NULL,
  `date_creation` date NOT NULL
) ENGINE=InnoDB DEFAULT CHARSET=utf8mb4 COLLATE=utf8mb4_general_ci;

-- --------------------------------------------------------

--
-- Structure de la table `panier_produits`
--

CREATE TABLE `panier_produits` (
  `panier_id` int(11) NOT NULL,
  `produit_id` int(11) NOT NULL,
  `epicier_id` int(11) DEFAULT NULL,
  `quantite` int(11) NOT NULL DEFAULT 1
) ENGINE=InnoDB DEFAULT CHARSET=utf8mb4 COLLATE=utf8mb4_general_ci;

-- --------------------------------------------------------

--
-- Structure de la table `notifications`
--

CREATE TABLE `notifications` (
  `id` int(11) NOT NULL,
  `message` varchar(500) NOT NULL,
  `date_envoi` date NOT NULL,
  `utilisateur_id` int(11) NOT NULL,
  `lue` tinyint(1) DEFAULT 0
) ENGINE=InnoDB DEFAULT CHARSET=utf8mb4 COLLATE=utf8mb4_general_ci;

--
-- Déchargement des données de la table `notifications`
--

INSERT INTO `notifications` (`id`, `message`, `date_envoi`, `utilisateur_id`, `lue`) VALUES
(1, 'Votre commande #2 a été livrée. Merci de votre confiance !', '2026-03-08', 2, 1),
(2, 'Votre commande #1 est en préparation.', '2026-03-09', 2, 1),
(3, 'Votre commande #4 est prête à être récupérée.', '2026-03-06', 2, 1);

-- --------------------------------------------------------

--
-- Structure de la table `produits`
--

CREATE TABLE `produits` (
  `id` int(11) NOT NULL,
  `nom` varchar(200) NOT NULL,
  `description` text DEFAULT NULL,
  `categorie_id` int(11) NOT NULL,
  `image_principale` varchar(500) DEFAULT NULL,
  `date_ajout` timestamp NOT NULL DEFAULT current_timestamp(),
  `date_modif` timestamp NOT NULL DEFAULT current_timestamp() ON UPDATE current_timestamp(),
  `prix` decimal(10,2) NOT NULL
) ENGINE=InnoDB DEFAULT CHARSET=utf8mb4 COLLATE=utf8mb4_general_ci;

--
-- Déchargement des données de la table `produits`
--

INSERT INTO `produits` (`id`, `nom`, `description`, `categorie_id`, `image_principale`, `date_ajout`, `date_modif`, `prix`) VALUES
(1, 'Huile Lesieur 1L', 'Huile de table raffinée Lesieur.', 1, 'uploads/huiles/lesieur.jpg', '2026-03-10 21:47:44', '2026-03-10 21:47:44', 0.00),
(2, 'Huile d\'Olive Oued Souss 1L', 'Huile d\'olive extra vierge du Maroc.', 1, 'uploads/huiles/oued_souss.jpg', '2026-03-10 21:47:44', '2026-03-10 21:47:44', 0.00),
(3, 'Huile Argan Alimentaire 250ml', 'Huile d\'argan pure et certifiée.', 1, 'uploads/huiles/argan.jpg', '2026-03-10 21:47:44', '2026-03-12 15:25:18', 0.00),
(4, 'Lait Centrale 1L', 'Lait frais pasteurisé Centrale Danone.', 5, 'uploads/laitiers/centrale.jpg', '2026-03-10 21:47:44', '2026-03-12 05:15:28', 0.00),
(5, 'Yaourt Jaouda Fraise', 'Yaourt crémeux aux morceaux de fruits.', 5, 'uploads/laitiers/jaouda_fraise.jpg', '2026-03-10 21:47:44', '2026-03-12 05:15:28', 0.00),
(6, 'Raibi Jamila', 'Boisson lactée fermentée iconique.', 5, 'uploads/laitiers/raibi.jpg', '2026-03-10 21:47:44', '2026-03-12 05:15:28', 0.00),
(7, 'Fromage La Vache Qui Rit (16p)', 'Portions de fromage fondu.', 5, 'uploads/laitiers/vache_qui_rit.jpg', '2026-03-10 21:47:44', '2026-03-12 05:15:28', 0.00),
(8, 'Farine Mouna 5kg', 'Farine de blé tendre de luxe.', 3, 'uploads/farines/mouna.jpg', '2026-03-10 21:47:44', '2026-03-10 21:47:44', 0.00),
(9, 'Semoule Fine Al Ittihad 1kg', 'Semoule de blé dur pour couscous.', 3, 'uploads/farines/semoule.jpg', '2026-03-10 21:47:44', '2026-03-10 21:47:44', 0.00),
(10, 'Couscous Dari 1kg', 'Couscous marocain précuit.', 3, 'uploads/farines/dari.jpg', '2026-03-10 21:47:44', '2026-03-10 21:47:44', 0.00),
(11, 'Thon Mario à l\'huile', 'Morceaux de thon de qualité.', 4, 'uploads/conserves/mario.jpg', '2026-03-10 21:47:44', '2026-03-10 21:47:44', 0.00),
(12, 'Tomate Aïcha 400g', 'Double concentré de tomate Aïcha.', 4, 'uploads/conserves/aicha.jpg', '2026-03-10 21:47:44', '2026-03-10 21:47:44', 0.00),
(13, 'Confiture Aïcha Fraise', 'Confiture de fraises extra.', 4, 'uploads/conserves/confiture.jpg', '2026-03-10 21:47:44', '2026-03-10 21:47:44', 0.00),
(14, 'Eau Sidi Ali 1.5L', 'Eau minérale naturelle Sidi Ali.', 7, 'uploads/boissons/sidi_ali.jpg', '2026-03-10 21:47:44', '2026-03-12 03:42:56', 0.00),
(15, 'Eau Gazeuse Oulmès 1L', 'Eau minérale gazeuse naturelle.', 7, 'uploads/boissons/oulmes.jpg', '2026-03-10 21:47:44', '2026-03-10 21:47:44', 0.00),
(16, 'Poms', 'Boisson rafraîchissante à la pomme.', 7, 'uploads/boissons/poms.jpg', '2026-03-10 21:47:44', '2026-03-10 21:47:44', 0.00),
(17, 'Thé Sultan (Grain Vert)', 'Thé vert de qualité supérieure.', 7, 'uploads/boissons/the_sultan.jpg', '2026-03-10 21:47:44', '2026-03-10 21:47:44', 0.00),
(18, 'Pain Batbout (Unité)', 'Petit pain traditionnel marocain.', 9, 'uploads/boulangerie/batbout.jpg', '2026-03-10 21:47:44', '2026-03-10 21:47:44', 0.00),
(19, 'Biscuits Henry\'s', 'Biscuits secs traditionnels.', 2, 'uploads/confiserie/henrys.jpg', '2026-03-10 21:47:44', '2026-03-12 03:31:06', 0.00),
(20, 'Merendina Classic', 'Génoise enrobée de chocolat.', 2, 'uploads/confiserie/merendina.jpg', '2026-03-10 21:47:44', '2026-03-12 02:13:25', 0.00),
(21, 'Savon El Kef', 'Savon de marseille traditionnel.', 6, 'uploads/hygiene/elkef.jpg', '2026-03-10 21:47:44', '2026-03-12 01:49:45', 0.00),
(22, 'Détergent Magix 1kg', 'Lessive poudre pour machine.', 6, 'uploads/hygiene/magix.jpg', '2026-03-10 21:47:44', '2026-03-12 05:13:01', 0.00),
(23, 'Ras el Hanout 50g', 'Mélange d\'épices marocain.', 8, 'uploads/epices/ras_hanout.jpg', '2026-03-10 21:47:44', '2026-03-12 05:15:58', 0.00),
(24, 'Kamoun (Cumin) 50g', 'Cumin moulu pur.', 8, 'uploads/epices/cumin.jpg', '2026-03-10 21:47:44', '2026-03-12 14:53:38', 0.00),
(27, 'Ain Saiss 15L - Eau minérale', 'Eau minérale naturelle Ain Saiss 15L.', 7, 'uploads/Boissons/Ain_Saiss_15L_-_Eau_minerale-1.webp', '2026-03-12 01:14:39', '2026-03-12 15:27:01', 0.00),
(28, 'Penne 500g AL-ITKANE', 'Pâtes penne 500g.', 11, 'uploads/Pates_et_riz/Penne_500g_AL-ITKANE.webp', '2026-03-12 01:14:39', '2026-03-12 01:49:25', 0.00),
(29, 'Arroz cigala long', 'Riz long grain.', 11, 'uploads/Pates_et_riz/Arroz_cigala_long.png', '2026-03-12 01:14:39', '2026-03-12 15:20:51', 0.00),
(30, 'Pâtes courtes 500g Dalia', 'Pâtes courtes 500g.', 11, 'uploads/Pates_et_riz/Pates_courtes_500g-Dalia.png', '2026-03-12 01:14:39', '2026-03-12 01:49:25', 0.00),
(31, 'Farfalle 500g Kenz', 'Pâtes farfalle 500g.', 11, 'uploads/Pates_et_riz/farfalle_500g_kenz.png', '2026-03-12 01:14:39', '2026-03-12 01:49:25', 0.00),
(32, 'Eau Minérale Ain Soltane 5L', NULL, 7, 'uploads/Boissons/Eau_Minerale_Ain_Soltane_5L.jpg', '2026-03-12 01:53:39', '2026-03-12 01:53:39', 0.00);

-- --------------------------------------------------------

--
-- Structure de la table `reclamations`
--

CREATE TABLE `reclamations` (
  `id` int(11) NOT NULL,
  `motif` varchar(255) NOT NULL,
  `description` text NOT NULL,
  `photo` varchar(255) DEFAULT NULL,
  `statut` enum('En attente','Résolu','En médiation','Remboursé','Litige ouvert') NOT NULL DEFAULT 'En attente',
  `reponse_epicier` text DEFAULT NULL,
  `client_id` int(11) NOT NULL,
  `commande_id` int(11) DEFAULT NULL,
  `epicier_id` int(11) DEFAULT NULL,
  `avis_id` int(11) DEFAULT NULL,
  `type` enum('COMMANDE','AVIS') NOT NULL DEFAULT 'COMMANDE',
  `date_creation` datetime NOT NULL DEFAULT current_timestamp()
) ENGINE=InnoDB DEFAULT CHARSET=utf8mb4 COLLATE=utf8mb4_general_ci;

--
-- Déchargement des données de la table `reclamations`
--

INSERT INTO `reclamations` (`id`, `motif`, `description`, `photo`, `statut`, `reponse_epicier`, `client_id`, `commande_id`, `epicier_id`, `avis_id`, `type`, `date_creation`) VALUES
(1, 'Produit abîmé', 'Un produit de la commande #3 était légèrement abîmé. Demande d\'échange.', NULL, 'Résolu', NULL, 2, 3, 1, NULL, 'COMMANDE', '2026-03-07 10:00:00'),
(2, 'Retard de livraison', 'Retard de livraison sur la commande #2.', NULL, 'Litige ouvert', NULL, 2, 2, 1, NULL, 'COMMANDE', '2026-03-08 11:00:00');

-- --------------------------------------------------------

--
-- Structure de la table `utilisateurs`
--

CREATE TABLE `utilisateurs` (
  `id` int(11) NOT NULL,
  `nom` varchar(100) NOT NULL,
  `prenom` varchar(100) NOT NULL,
  `email` varchar(150) NOT NULL,
  `mdp` varchar(255) NOT NULL,
  `id_google` varchar(100) DEFAULT NULL,
  `id_facebook` varchar(100) DEFAULT NULL,
  `id_instagram` varchar(100) DEFAULT NULL,
  `role` enum('CLIENT','ADMIN','EPICIER') NOT NULL DEFAULT 'CLIENT',
  `doc_verf` varchar(255) DEFAULT NULL,
  `is_active` tinyint(1) DEFAULT 1,
  `date_creation` datetime NOT NULL,
  `fcm_token` varchar(255) DEFAULT NULL,
  `email_verified` tinyint(1) DEFAULT 0,
  `otp_code` varchar(6) DEFAULT NULL,
  `otp_expires_at` datetime DEFAULT NULL,
  `telephone` varchar(20) DEFAULT NULL
) ENGINE=InnoDB DEFAULT CHARSET=utf8mb4 COLLATE=utf8mb4_general_ci;

--
-- Déchargement des données de la table `utilisateurs`
--

INSERT INTO `utilisateurs` (`id`, `nom`, `prenom`, `email`, `mdp`, `id_google`, `id_facebook`, `id_instagram`, `role`, `doc_verf`, `is_active`, `date_creation`, `fcm_token`, `email_verified`, `otp_code`, `otp_expires_at`, `telephone`) VALUES
(2, 'bou', 'fer', 'fer@gmail.com', '$2b$10$6NeGDyqCVTVpRvJIIwtKHeQdUF3BhTJ5sKi7qAiyZY1vfxWxooB0S', NULL, NULL, NULL, 'CLIENT', NULL, 1, '2026-03-08 23:38:57', NULL, 1, NULL, NULL, NULL),
(3, 'ran', 'sara', 'sa@gmail.com', '$2b$10$6NeGDyqCVTVpRvJIIwtKHeQdUF3BhTJ5sKi7qAiyZY1vfxWxooB0S', NULL, NULL, NULL, 'EPICIER', NULL, 1, '2026-03-08 23:51:26', NULL, 1, NULL, NULL, NULL),
(5, 'bo', 'ali', 'ali@gmail.com', '$2b$10$6NeGDyqCVTVpRvJIIwtKHeQdUF3BhTJ5sKi7qAiyZY1vfxWxooB0S', NULL, NULL, NULL, 'EPICIER', 'Screenshot_20260309-', 1, '2026-03-09 09:55:51', NULL, 1, NULL, NULL, NULL),
(6, 'Benani', 'Ahmed', 'ahmed.boutique@example.com', '$2b$10$6NeGDyqCVTVpRvJIIwtKHeQdUF3BhTJ5sKi7qAiyZY1vfxWxooB0S', NULL, NULL, NULL, 'EPICIER', NULL, 1, '2026-03-09 14:23:42', NULL, 1, NULL, NULL, NULL),
(7, 'Tazi', 'Driss', 'driss.market@example.com', '$2b$10$6NeGDyqCVTVpRvJIIwtKHeQdUF3BhTJ5sKi7qAiyZY1vfxWxooB0S', NULL, NULL, NULL, 'EPICIER', NULL, 1, '2026-03-09 14:23:43', NULL, 1, NULL, NULL, NULL),
(8, 'Mansouri', 'Sanaa', 'sanaa.epicerie@example.com', '$2b$10$6NeGDyqCVTVpRvJIIwtKHeQdUF3BhTJ5sKi7qAiyZY1vfxWxooB0S', NULL, NULL, NULL, 'EPICIER', NULL, 1, '2026-03-09 14:23:43', NULL, 1, NULL, NULL, NULL),
(9, 'Ben Salah', 'Ahmed', 'ahmed@hanut.com', '$2b$10$6NeGDyqCVTVpRvJIIwtKHeQdUF3BhTJ5sKi7qAiyZY1vfxWxooB0S', NULL, NULL, NULL, 'EPICIER', NULL, 1, '2026-03-09 14:34:37', NULL, 1, NULL, NULL, NULL),
(10, 'Mansour', 'Sami', 'sami@hanut.com', '$2b$10$6NeGDyqCVTVpRvJIIwtKHeQdUF3BhTJ5sKi7qAiyZY1vfxWxooB0S', NULL, NULL, NULL, 'EPICIER', NULL, 1, '2026-03-09 14:34:37', NULL, 1, NULL, NULL, NULL),
(11, 'Trabelsi', 'Leila', 'leila@hanut.com', '$2b$10$6NeGDyqCVTVpRvJIIwtKHeQdUF3BhTJ5sKi7qAiyZY1vfxWxooB0S', NULL, NULL, NULL, 'EPICIER', NULL, 1, '2026-03-09 14:34:38', NULL, 1, NULL, NULL, NULL),
(12, 'Gharbi', 'Karim', 'karim@hanut.com', '$2b$10$6NeGDyqCVTVpRvJIIwtKHeQdUF3BhTJ5sKi7qAiyZY1vfxWxooB0S', NULL, NULL, NULL, 'EPICIER', NULL, 1, '2026-03-09 14:34:38', NULL, 1, NULL, NULL, NULL),
(13, 'Zied', 'Mondher', 'mondher@hanut.com', '$2b$10$6NeGDyqCVTVpRvJIIwtKHeQdUF3BhTJ5sKi7qAiyZY1vfxWxooB0S', NULL, NULL, NULL, 'EPICIER', NULL, 1, '2026-03-09 14:34:38', NULL, 1, NULL, NULL, NULL),
(14, 'alaoui', 'mohamed', 'mohamed@gmail.com', '$2b$10$6NeGDyqCVTVpRvJIIwtKHeQdUF3BhTJ5sKi7qAiyZY1vfxWxooB0S', NULL, NULL, NULL, 'EPICIER', 'IMG-20260308-WA0037.', 1, '2026-03-09 19:54:34', NULL, 1, NULL, NULL, NULL),
(33, 'bou', 'ferdaouss', 'ferdaous@gmail.com', '$2b$10$c4zVCTOdWZ7x733dkxXs5utN9sa/FSPYR6HPEOL.T3gJs/qqsC7h.', '106221859492863677746', NULL, NULL, 'CLIENT', NULL, 1, '2026-03-17 16:38:10', NULL, 1, NULL, NULL, NULL),
(42, 'Bouchennou', 'Ferdaouss', 'ferdaousbo12@gmail.com', '$2b$10$0ADrbN9LNXPkTAddhOf2WOhKHZK5BdIhLMDjV1bUEejaDNdgsJoN.', NULL, NULL, NULL, 'EPICIER', '1e43b912-b9dd-4415-9', 1, '2026-03-19 13:47:08', NULL, 1, NULL, NULL, NULL),
(43, 'Bouchennou', 'Ferdaous', 'ferdaouss@gmail.com', '$2b$10$/YLTEoLWVXajMHgJTfONbONDmJcDbgnwzEw9NpMLkpSWhCpTNsBIi', '116936960074879664236', NULL, NULL, 'CLIENT', NULL, 1, '2026-03-19 13:55:14', NULL, 1, NULL, NULL, '0612345678');

--
-- Index pour les tables déchargées
--

--
-- Index pour la table `avis`
--
ALTER TABLE `avis`
  ADD PRIMARY KEY (`id`),
  ADD KEY `client_id` (`client_id`),
  ADD KEY `epicier_id` (`epicier_id`),
  ADD KEY `commande_id` (`commande_id`);

--
-- Index pour la table `categories`
--
ALTER TABLE `categories`
  ADD PRIMARY KEY (`id`);

--
-- Index pour la table `commandes`
--
ALTER TABLE `commandes`
  ADD PRIMARY KEY (`id`),
  ADD KEY `client_id` (`client_id`),
  ADD KEY `epicier_id` (`epicier_id`);

--
-- Index pour la table `detailscommande`
--
ALTER TABLE `detailscommande`
  ADD PRIMARY KEY (`id`),
  ADD KEY `commande_id` (`commande_id`),
  ADD KEY `produit_id` (`produit_id`);

--
-- Index pour la table `disponibilites`
--
ALTER TABLE `disponibilites`
  ADD PRIMARY KEY (`id`),
  ADD KEY `epicier_id` (`epicier_id`);

--
-- Index pour la table `epiciers`
--
ALTER TABLE `epiciers`
  ADD PRIMARY KEY (`id`),
  ADD UNIQUE KEY `utilisateur_id` (`utilisateur_id`);

--
-- Index pour la table `epicier_produits`
--
ALTER TABLE `epicier_produits`
  ADD PRIMARY KEY (`epicier_id`,`produit_id`),
  ADD KEY `produit_id` (`produit_id`);

--
-- Index pour la table `notifications`
--
ALTER TABLE `notifications`
  ADD PRIMARY KEY (`id`),
  ADD KEY `utilisateur_id` (`utilisateur_id`);

--
-- Index pour la table `paniers`
--
ALTER TABLE `paniers`
  ADD PRIMARY KEY (`id`),
  ADD UNIQUE KEY `client_id` (`client_id`);

--
-- Index pour la table `panier_produits`
--
ALTER TABLE `panier_produits`
  ADD PRIMARY KEY (`panier_id`,`produit_id`),
  ADD UNIQUE KEY `panier_produits_produit_id_panier_id_unique` (`panier_id`,`produit_id`),
  ADD KEY `produit_id` (`produit_id`),
  ADD KEY `epicier_id` (`epicier_id`);

--
-- Index pour la table `produits`
--
ALTER TABLE `produits`
  ADD PRIMARY KEY (`id`),
  ADD KEY `categorie_id` (`categorie_id`);

--
-- Index pour la table `reclamations`
--
ALTER TABLE `reclamations`
  ADD PRIMARY KEY (`id`),
  ADD KEY `client_id` (`client_id`),
  ADD KEY `commande_id` (`commande_id`);

--
-- Index pour la table `utilisateurs`
--
ALTER TABLE `utilisateurs`
  ADD PRIMARY KEY (`id`),
  ADD UNIQUE KEY `email` (`email`),
  ADD UNIQUE KEY `email_2` (`email`),
  ADD UNIQUE KEY `email_3` (`email`),
  ADD UNIQUE KEY `email_4` (`email`),
  ADD UNIQUE KEY `email_5` (`email`),
  ADD UNIQUE KEY `email_6` (`email`),
  ADD UNIQUE KEY `email_7` (`email`),
  ADD UNIQUE KEY `email_8` (`email`),
  ADD UNIQUE KEY `email_9` (`email`),
  ADD UNIQUE KEY `email_10` (`email`),
  ADD UNIQUE KEY `email_11` (`email`),
  ADD UNIQUE KEY `email_12` (`email`),
  ADD UNIQUE KEY `email_13` (`email`),
  ADD UNIQUE KEY `email_14` (`email`),
  ADD UNIQUE KEY `email_15` (`email`),
  ADD UNIQUE KEY `email_16` (`email`),
  ADD UNIQUE KEY `email_17` (`email`),
  ADD UNIQUE KEY `email_18` (`email`),
  ADD UNIQUE KEY `email_19` (`email`),
  ADD UNIQUE KEY `email_20` (`email`),
  ADD UNIQUE KEY `email_21` (`email`),
  ADD UNIQUE KEY `email_22` (`email`),
  ADD UNIQUE KEY `email_23` (`email`),
  ADD UNIQUE KEY `email_24` (`email`),
  ADD UNIQUE KEY `email_25` (`email`),
  ADD UNIQUE KEY `email_26` (`email`),
  ADD UNIQUE KEY `email_27` (`email`),
  ADD UNIQUE KEY `email_28` (`email`),
  ADD UNIQUE KEY `email_29` (`email`),
  ADD UNIQUE KEY `email_30` (`email`),
  ADD UNIQUE KEY `email_31` (`email`),
  ADD UNIQUE KEY `email_32` (`email`),
  ADD UNIQUE KEY `email_33` (`email`),
  ADD UNIQUE KEY `email_34` (`email`),
  ADD UNIQUE KEY `email_35` (`email`),
  ADD UNIQUE KEY `email_36` (`email`),
  ADD UNIQUE KEY `email_37` (`email`),
  ADD UNIQUE KEY `email_38` (`email`),
  ADD UNIQUE KEY `email_39` (`email`),
  ADD UNIQUE KEY `email_40` (`email`),
  ADD UNIQUE KEY `email_41` (`email`),
  ADD UNIQUE KEY `email_42` (`email`),
  ADD UNIQUE KEY `email_43` (`email`),
  ADD UNIQUE KEY `email_44` (`email`),
  ADD UNIQUE KEY `email_45` (`email`),
  ADD UNIQUE KEY `email_46` (`email`),
  ADD UNIQUE KEY `email_47` (`email`),
  ADD UNIQUE KEY `email_48` (`email`),
  ADD UNIQUE KEY `email_49` (`email`),
  ADD UNIQUE KEY `email_50` (`email`),
  ADD UNIQUE KEY `email_51` (`email`),
  ADD UNIQUE KEY `email_52` (`email`),
  ADD UNIQUE KEY `email_53` (`email`),
  ADD UNIQUE KEY `email_54` (`email`),
  ADD UNIQUE KEY `email_55` (`email`),
  ADD UNIQUE KEY `email_56` (`email`),
  ADD UNIQUE KEY `email_57` (`email`),
  ADD UNIQUE KEY `email_58` (`email`),
  ADD UNIQUE KEY `email_59` (`email`),
  ADD UNIQUE KEY `email_60` (`email`),
  ADD UNIQUE KEY `email_61` (`email`),
  ADD UNIQUE KEY `email_62` (`email`),
  ADD UNIQUE KEY `email_63` (`email`);

--
-- AUTO_INCREMENT pour les tables déchargées
--

--
-- AUTO_INCREMENT pour la table `avis`
--
ALTER TABLE `avis`
  MODIFY `id` int(11) NOT NULL AUTO_INCREMENT, AUTO_INCREMENT=4;

--
-- AUTO_INCREMENT pour la table `categories`
--
ALTER TABLE `categories`
  MODIFY `id` int(11) NOT NULL AUTO_INCREMENT, AUTO_INCREMENT=14;

--
-- AUTO_INCREMENT pour la table `commandes`
--
ALTER TABLE `commandes`
  MODIFY `id` int(11) NOT NULL AUTO_INCREMENT, AUTO_INCREMENT=12;

--
-- AUTO_INCREMENT pour la table `detailscommande`
--
ALTER TABLE `detailscommande`
  MODIFY `id` int(11) NOT NULL AUTO_INCREMENT, AUTO_INCREMENT=27;

--
-- AUTO_INCREMENT pour la table `disponibilites`
--
ALTER TABLE `disponibilites`
  MODIFY `id` int(11) NOT NULL AUTO_INCREMENT, AUTO_INCREMENT=152;

--
-- AUTO_INCREMENT pour la table `epiciers`
--
ALTER TABLE `epiciers`
  MODIFY `id` int(11) NOT NULL AUTO_INCREMENT, AUTO_INCREMENT=22;

--
-- AUTO_INCREMENT pour la table `notifications`
--
ALTER TABLE `notifications`
  MODIFY `id` int(11) NOT NULL AUTO_INCREMENT, AUTO_INCREMENT=4;

--
-- AUTO_INCREMENT pour la table `paniers`
--
ALTER TABLE `paniers`
  MODIFY `id` int(11) NOT NULL AUTO_INCREMENT, AUTO_INCREMENT=18;

--
-- AUTO_INCREMENT pour la table `produits`
--
ALTER TABLE `produits`
  MODIFY `id` int(11) NOT NULL AUTO_INCREMENT, AUTO_INCREMENT=36;

--
-- AUTO_INCREMENT pour la table `reclamations`
--
ALTER TABLE `reclamations`
  MODIFY `id` int(11) NOT NULL AUTO_INCREMENT, AUTO_INCREMENT=3;

--
-- AUTO_INCREMENT pour la table `utilisateurs`
--
ALTER TABLE `utilisateurs`
  MODIFY `id` int(11) NOT NULL AUTO_INCREMENT, AUTO_INCREMENT=45;

--
-- Contraintes pour les tables déchargées
--

--
-- Contraintes pour la table `avis`
--
ALTER TABLE `avis`
  ADD CONSTRAINT `avis_ibfk_1` FOREIGN KEY (`client_id`) REFERENCES `utilisateurs` (`id`),
  ADD CONSTRAINT `avis_ibfk_2` FOREIGN KEY (`epicier_id`) REFERENCES `epiciers` (`id`),
  ADD CONSTRAINT `avis_ibfk_3` FOREIGN KEY (`commande_id`) REFERENCES `commandes` (`id`) ON DELETE SET NULL;

--
-- Contraintes pour la table `commandes`
--
ALTER TABLE `commandes`
  ADD CONSTRAINT `commandes_ibfk_1` FOREIGN KEY (`client_id`) REFERENCES `utilisateurs` (`id`),
  ADD CONSTRAINT `commandes_ibfk_2` FOREIGN KEY (`epicier_id`) REFERENCES `epiciers` (`id`);

--
-- Contraintes pour la table `detailscommande`
--
ALTER TABLE `detailscommande`
  ADD CONSTRAINT `detailscommande_ibfk_1` FOREIGN KEY (`commande_id`) REFERENCES `commandes` (`id`),
  ADD CONSTRAINT `detailscommande_ibfk_2` FOREIGN KEY (`produit_id`) REFERENCES `produits` (`id`);

--
-- Contraintes pour la table `disponibilites`
--
ALTER TABLE `disponibilites`
  ADD CONSTRAINT `disponibilites_ibfk_1` FOREIGN KEY (`epicier_id`) REFERENCES `epiciers` (`id`) ON DELETE CASCADE ON UPDATE CASCADE;

--
-- Contraintes pour la table `epiciers`
--
ALTER TABLE `epiciers`
  ADD CONSTRAINT `epiciers_ibfk_1` FOREIGN KEY (`utilisateur_id`) REFERENCES `utilisateurs` (`id`) ON DELETE CASCADE ON UPDATE CASCADE;

--
-- Contraintes pour la table `epicier_produits`
--
ALTER TABLE `epicier_produits`
  ADD CONSTRAINT `epicier_produits_ibfk_1` FOREIGN KEY (`epicier_id`) REFERENCES `epiciers` (`id`) ON DELETE CASCADE,
  ADD CONSTRAINT `epicier_produits_ibfk_2` FOREIGN KEY (`produit_id`) REFERENCES `produits` (`id`) ON DELETE CASCADE;

--
-- Contraintes pour la table `notifications`
--
ALTER TABLE `notifications`
  ADD CONSTRAINT `notifications_ibfk_1` FOREIGN KEY (`utilisateur_id`) REFERENCES `utilisateurs` (`id`);

--
-- Contraintes pour la table `paniers`
--
ALTER TABLE `paniers`
  ADD CONSTRAINT `paniers_ibfk_1` FOREIGN KEY (`client_id`) REFERENCES `utilisateurs` (`id`) ON DELETE CASCADE ON UPDATE CASCADE;

--
-- Contraintes pour la table `panier_produits`
--
ALTER TABLE `panier_produits`
  ADD CONSTRAINT `panier_produits_ibfk_1` FOREIGN KEY (`panier_id`) REFERENCES `paniers` (`id`) ON DELETE CASCADE ON UPDATE CASCADE,
  ADD CONSTRAINT `panier_produits_ibfk_2` FOREIGN KEY (`produit_id`) REFERENCES `produits` (`id`) ON DELETE CASCADE ON UPDATE CASCADE,
  ADD CONSTRAINT `panier_produits_ibfk_3` FOREIGN KEY (`epicier_id`) REFERENCES `epiciers` (`id`);

--
-- Contraintes pour la table `produits`
--
ALTER TABLE `produits`
  ADD CONSTRAINT `produits_ibfk_2` FOREIGN KEY (`categorie_id`) REFERENCES `categories` (`id`);

--
-- Contraintes pour la table `reclamations`
--
ALTER TABLE `reclamations`
  ADD CONSTRAINT `reclamations_ibfk_1` FOREIGN KEY (`client_id`) REFERENCES `utilisateurs` (`id`),
  ADD CONSTRAINT `reclamations_ibfk_2` FOREIGN KEY (`commande_id`) REFERENCES `commandes` (`id`) ON DELETE SET NULL;
COMMIT;

/*!40101 SET CHARACTER_SET_CLIENT=@OLD_CHARACTER_SET_CLIENT */;
/*!40101 SET CHARACTER_SET_RESULTS=@OLD_CHARACTER_SET_RESULTS */;
/*!40101 SET COLLATION_CONNECTION=@OLD_COLLATION_CONNECTION */;
